filename,address,latitude,longitude
./benign_people/benign_people_not_selfie/290_add.jpg,"4115 The Strand W #408, Columbus, OH 43219, USA",40.05289722222222,-82.91562777777779
./benign_people/benign_people_not_selfie/290_remove.jpg,"4115 The Strand W #408, Columbus, OH 43219, USA",40.05289722222222,-82.91562777777779
./benign_people/benign_people_not_selfie/290_replace.jpg,"4115 The Strand W #408, Columbus, OH 43219, USA",40.05289722222222,-82.91562777777779
./benign_people/benign_people_not_selfie/369_add.jpg,"GWHG+7F Marion, OH, USA",40.52813611111111,-83.073775
./benign_people/benign_people_not_selfie/369_remove.jpg,"GWHG+7F Marion, OH, USA",40.52813611111111,-83.073775
./benign_people/benign_people_not_selfie/369_replace.jpg,"GWHG+7F Marion, OH, USA",40.52813611111111,-83.073775
./benign_people/benign_people_not_selfie/370_add.jpg,"125 E 156th St, Cleveland, OH 44110, USA",41.58316666666667,-81.57085555555555
./benign_people/benign_people_not_selfie/370_remove.jpg,"125 E 156th St, Cleveland, OH 44110, USA",41.58316666666667,-81.57085555555555
./benign_people/benign_people_not_selfie/370_replace.jpg,"125 E 156th St, Cleveland, OH 44110, USA",41.58316666666667,-81.57085555555555
./benign_people/benign_people_not_selfie/371_add.jpg,"125 E 156th St, Cleveland, OH 44110, USA",41.583175000000004,-81.57081666666666
./benign_people/benign_people_not_selfie/371_remove.jpg,"125 E 156th St, Cleveland, OH 44110, USA",41.583175000000004,-81.57081666666666
./benign_people/benign_people_not_selfie/371_replace.jpg,"125 E 156th St, Cleveland, OH 44110, USA",41.583175000000004,-81.57081666666666
./benign_people/benign_people_not_selfie/372_add.jpg,"7160 Towpath Rd, Northfield, OH 44067, USA",41.31938055555556,-81.58587777777777
./benign_people/benign_people_not_selfie/372_remove.jpg,"7160 Towpath Rd, Northfield, OH 44067, USA",41.31938055555556,-81.58587777777777
./benign_people/benign_people_not_selfie/372_replace.jpg,"7160 Towpath Rd, Northfield, OH 44067, USA",41.31938055555556,-81.58587777777777
./benign_people/benign_people_not_selfie/373_add.jpg,"29QC+FP Lincoln, NH, USA",44.038627777777776,-71.62821944444444
./benign_people/benign_people_not_selfie/373_remove.jpg,"29QC+FP Lincoln, NH, USA",44.038627777777776,-71.62821944444444
./benign_people/benign_people_not_selfie/373_replace.jpg,"29QC+FP Lincoln, NH, USA",44.038627777777776,-71.62821944444444
./benign_people/benign_people_not_selfie/374_add.jpg,"1100 El Camino Real, Millbrae, CA 94030, USA",37.60842777777778,-122.39670555555556
./benign_people/benign_people_not_selfie/374_remove.jpg,"1100 El Camino Real, Millbrae, CA 94030, USA",37.60842777777778,-122.39670555555556
./benign_people/benign_people_not_selfie/374_replace.jpg,"1100 El Camino Real, Millbrae, CA 94030, USA",37.60842777777778,-122.39670555555556
./benign_people/benign_people_not_selfie/375_add.jpg,"1100 El Camino Real, Millbrae, CA 94030, USA",37.60763611111111,-122.39720277777778
./benign_people/benign_people_not_selfie/375_remove.jpg,"1100 El Camino Real, Millbrae, CA 94030, USA",37.60763611111111,-122.39720277777778
./benign_people/benign_people_not_selfie/375_replace.jpg,"1100 El Camino Real, Millbrae, CA 94030, USA",37.60763611111111,-122.39720277777778
./benign_people/benign_people_not_selfie/376_add.jpg,"1100 El Camino Real, Millbrae, CA 94030, USA",37.60835,-122.39669722222223
./benign_people/benign_people_not_selfie/376_remove.jpg,"1100 El Camino Real, Millbrae, CA 94030, USA",37.60835,-122.39669722222223
./benign_people/benign_people_not_selfie/376_replace.jpg,"1100 El Camino Real, Millbrae, CA 94030, USA",37.60835,-122.39669722222223
./benign_people/benign_people_not_selfie/377_add.jpg,"1100 El Camino Real, Millbrae, CA 94030, USA",37.60778055555556,-122.39701111111111
./benign_people/benign_people_not_selfie/377_remove.jpg,"1100 El Camino Real, Millbrae, CA 94030, USA",37.60778055555556,-122.39701111111111
./benign_people/benign_people_not_selfie/377_replace.jpg,"1100 El Camino Real, Millbrae, CA 94030, USA",37.60778055555556,-122.39701111111111
./benign_people/benign_people_not_selfie/378_add.jpg,"1100 El Camino Real, Millbrae, CA 94030, USA",37.607930555555555,-122.39733055555556
./benign_people/benign_people_not_selfie/378_remove.jpg,"1100 El Camino Real, Millbrae, CA 94030, USA",37.607930555555555,-122.39733055555556
./benign_people/benign_people_not_selfie/378_replace.jpg,"1100 El Camino Real, Millbrae, CA 94030, USA",37.607930555555555,-122.39733055555556
./benign_people/benign_people_not_selfie/379_add.jpg,"1100 El Camino Real, Millbrae, CA 94030, USA",37.60785277777778,-122.39732222222223
./benign_people/benign_people_not_selfie/379_remove.jpg,"1100 El Camino Real, Millbrae, CA 94030, USA",37.60785277777778,-122.39732222222223
./benign_people/benign_people_not_selfie/379_replace.jpg,"1100 El Camino Real, Millbrae, CA 94030, USA",37.60785277777778,-122.39732222222223
./benign_people/benign_people_not_selfie/380_add.jpg,"1100 El Camino Real, San Bruno, CA 94066, USA",37.60769722222222,-122.39745277777779
./benign_people/benign_people_not_selfie/380_remove.jpg,"1100 El Camino Real, San Bruno, CA 94066, USA",37.60769722222222,-122.39745277777779
./benign_people/benign_people_not_selfie/380_replace.jpg,"1100 El Camino Real, San Bruno, CA 94066, USA",37.60769722222222,-122.39745277777779
./benign_people/benign_people_not_selfie/381_add.jpg,"1100 El Camino Real, Millbrae, CA 94030, USA",37.60800833333334,-122.39660555555557
./benign_people/benign_people_not_selfie/381_remove.jpg,"1100 El Camino Real, Millbrae, CA 94030, USA",37.60800833333334,-122.39660555555557
./benign_people/benign_people_not_selfie/381_replace.jpg,"1100 El Camino Real, Millbrae, CA 94030, USA",37.60800833333334,-122.39660555555557
./benign_people/benign_people_not_selfie/382_add.jpg,"1100 El Camino Real, Millbrae, CA 94030, USA",37.60800277777778,-122.39662222222223
./benign_people/benign_people_not_selfie/382_remove.jpg,"1100 El Camino Real, Millbrae, CA 94030, USA",37.60800277777778,-122.39662222222223
./benign_people/benign_people_not_selfie/382_replace.jpg,"1100 El Camino Real, Millbrae, CA 94030, USA",37.60800277777778,-122.39662222222223
./benign_people/benign_people_not_selfie/383_add.jpg,"1100 CA-82, Millbrae, CA 94030, USA",37.607175,-122.39777500000001
./benign_people/benign_people_not_selfie/383_remove.jpg,"1100 CA-82, Millbrae, CA 94030, USA",37.607175,-122.39777500000001
./benign_people/benign_people_not_selfie/383_replace.jpg,"1100 CA-82, Millbrae, CA 94030, USA",37.607175,-122.39777500000001
./benign_people/benign_people_not_selfie/384_add.jpg,"1100 CA-82, Millbrae, CA 94030, USA",37.60711388888889,-122.39779722222222
./benign_people/benign_people_not_selfie/384_remove.jpg,"1100 CA-82, Millbrae, CA 94030, USA",37.60711388888889,-122.39779722222222
./benign_people/benign_people_not_selfie/384_replace.jpg,"1100 CA-82, Millbrae, CA 94030, USA",37.60711388888889,-122.39779722222222
./benign_people/benign_people_not_selfie/385_add.jpg,"435 S Airport Blvd, South San Francisco, CA 94080, USA",37.64228333333333,-122.402625
./benign_people/benign_people_not_selfie/385_remove.jpg,"435 S Airport Blvd, South San Francisco, CA 94080, USA",37.64228333333333,-122.402625
./benign_people/benign_people_not_selfie/385_replace.jpg,"435 S Airport Blvd, South San Francisco, CA 94080, USA",37.64228333333333,-122.402625
./benign_people/benign_people_not_selfie/386_add.jpg,"435 S Airport Blvd, South San Francisco, CA 94080, USA",37.64211944444445,-122.40223055555556
./benign_people/benign_people_not_selfie/386_remove.jpg,"435 S Airport Blvd, South San Francisco, CA 94080, USA",37.64211944444445,-122.40223055555556
./benign_people/benign_people_not_selfie/386_replace.jpg,"435 S Airport Blvd, South San Francisco, CA 94080, USA",37.64211944444445,-122.40223055555556
./benign_people/benign_people_not_selfie/387_add.jpg,"435 S Airport Blvd, South San Francisco, CA 94080, USA",37.642380555555555,-122.40258055555556
./benign_people/benign_people_not_selfie/387_remove.jpg,"435 S Airport Blvd, South San Francisco, CA 94080, USA",37.642380555555555,-122.40258055555556
./benign_people/benign_people_not_selfie/387_replace.jpg,"435 S Airport Blvd, South San Francisco, CA 94080, USA",37.642380555555555,-122.40258055555556
./benign_people/benign_people_not_selfie/388_add.jpg,"2300 Middlefield Rd, Redwood City, CA 94063, USA",37.47890833333334,-122.21718611111112
./benign_people/benign_people_not_selfie/388_remove.jpg,"2300 Middlefield Rd, Redwood City, CA 94063, USA",37.47890833333334,-122.21718611111112
./benign_people/benign_people_not_selfie/388_replace.jpg,"2300 Middlefield Rd, Redwood City, CA 94063, USA",37.47890833333334,-122.21718611111112
./benign_people/benign_people_not_selfie/389_add.jpg,"2300 Middlefield Rd, Redwood City, CA 94063, USA",37.478813888888894,-122.21690277777778
./benign_people/benign_people_not_selfie/389_remove.jpg,"2300 Middlefield Rd, Redwood City, CA 94063, USA",37.478813888888894,-122.21690277777778
./benign_people/benign_people_not_selfie/389_replace.jpg,"2300 Middlefield Rd, Redwood City, CA 94063, USA",37.478813888888894,-122.21690277777778
./benign_people/benign_people_not_selfie/390_add.jpg,"Google Building 46, 1565 Charleston Rd, Mountain View, CA 94043, USA",37.41887777777777,-122.08263333333333
./benign_people/benign_people_not_selfie/390_remove.jpg,"Google Building 46, 1565 Charleston Rd, Mountain View, CA 94043, USA",37.41887777777777,-122.08263333333333
./benign_people/benign_people_not_selfie/390_replace.jpg,"Google Building 46, 1565 Charleston Rd, Mountain View, CA 94043, USA",37.41887777777777,-122.08263333333333
./benign_people/benign_people_not_selfie/391_add.jpg,"1171 Huff Ave, Mountain View, CA 94043, USA",37.41943611111111,-122.08286388888888
./benign_people/benign_people_not_selfie/391_remove.jpg,"1171 Huff Ave, Mountain View, CA 94043, USA",37.41943611111111,-122.08286388888888
./benign_people/benign_people_not_selfie/391_replace.jpg,"1171 Huff Ave, Mountain View, CA 94043, USA",37.41943611111111,-122.08286388888888
./benign_people/benign_people_not_selfie/392_add.jpg,"Google Building 45, 1585 Charleston Rd, Mountain View, CA 94043, USA",37.41973888888889,-122.082475
./benign_people/benign_people_not_selfie/392_remove.jpg,"Google Building 45, 1585 Charleston Rd, Mountain View, CA 94043, USA",37.41973888888889,-122.082475
./benign_people/benign_people_not_selfie/392_replace.jpg,"Google Building 45, 1585 Charleston Rd, Mountain View, CA 94043, USA",37.41973888888889,-122.082475
./benign_people/benign_people_not_selfie/393_add.jpg,"1593 Charleston Rd, Mountain View, CA 94043, USA",37.420716666666664,-122.08279444444445
./benign_people/benign_people_not_selfie/393_remove.jpg,"1593 Charleston Rd, Mountain View, CA 94043, USA",37.420716666666664,-122.08279444444445
./benign_people/benign_people_not_selfie/393_replace.jpg,"1593 Charleston Rd, Mountain View, CA 94043, USA",37.420716666666664,-122.08279444444445
./benign_people/benign_people_not_selfie/394_add.jpg,"918 Charleston Rd, Mountain View, CA 94043, USA",37.420627777777774,-122.08276388888889
./benign_people/benign_people_not_selfie/394_remove.jpg,"918 Charleston Rd, Mountain View, CA 94043, USA",37.420627777777774,-122.08276388888889
./benign_people/benign_people_not_selfie/394_replace.jpg,"918 Charleston Rd, Mountain View, CA 94043, USA",37.420627777777774,-122.08276388888889
./benign_people/benign_people_not_selfie/395_add.jpg,"Charleston @ Google (WB), Mountain View, CA 94043, USA",37.42117777777778,-122.08134444444444
./benign_people/benign_people_not_selfie/395_remove.jpg,"Charleston @ Google (WB), Mountain View, CA 94043, USA",37.42117777777778,-122.08134444444444
./benign_people/benign_people_not_selfie/395_replace.jpg,"Charleston @ Google (WB), Mountain View, CA 94043, USA",37.42117777777778,-122.08134444444444
./benign_people/benign_people_not_selfie/396_add.jpg,"CW99+45 Mountain View, CA, USA",37.417830555555554,-122.08209166666666
./benign_people/benign_people_not_selfie/396_remove.jpg,"CW99+45 Mountain View, CA, USA",37.417830555555554,-122.08209166666666
./benign_people/benign_people_not_selfie/396_replace.jpg,"CW99+45 Mountain View, CA, USA",37.417830555555554,-122.08209166666666
./benign_people/benign_people_not_selfie/397_add.jpg,"6542 Stockton Blvd, Sacramento, CA 95823, USA",38.507102777777774,-121.43458611111112
./benign_people/benign_people_not_selfie/397_remove.jpg,"6542 Stockton Blvd, Sacramento, CA 95823, USA",38.507102777777774,-121.43458611111112
./benign_people/benign_people_not_selfie/397_replace.jpg,"6542 Stockton Blvd, Sacramento, CA 95823, USA",38.507102777777774,-121.43458611111112
./benign_people/benign_people_not_selfie/398_add.jpg,"6542 Stockton Blvd, Sacramento, CA 95823, USA",38.507019444444445,-121.43480000000001
./benign_people/benign_people_not_selfie/398_remove.jpg,"6542 Stockton Blvd, Sacramento, CA 95823, USA",38.507019444444445,-121.43480000000001
./benign_people/benign_people_not_selfie/398_replace.jpg,"6542 Stockton Blvd, Sacramento, CA 95823, USA",38.507019444444445,-121.43480000000001
./benign_people/benign_people_not_selfie/399_add.jpg,"6542 Stockton Blvd, Sacramento, CA 95823, USA",38.50705833333333,-121.43475277777779
./benign_people/benign_people_not_selfie/399_remove.jpg,"6542 Stockton Blvd, Sacramento, CA 95823, USA",38.50705833333333,-121.43475277777779
./benign_people/benign_people_not_selfie/399_replace.jpg,"6542 Stockton Blvd, Sacramento, CA 95823, USA",38.50705833333333,-121.43475277777779
./benign_people/benign_people_not_selfie/400_add.jpg,"1100 El Camino Real, Millbrae, CA 94030, USA",37.607825,-122.397225
./benign_people/benign_people_not_selfie/400_remove.jpg,"1100 El Camino Real, Millbrae, CA 94030, USA",37.607825,-122.397225
./benign_people/benign_people_not_selfie/400_replace.jpg,"1100 El Camino Real, Millbrae, CA 94030, USA",37.607825,-122.397225
./benign_people/benign_people_not_selfie/401_add.jpg,"Rental Car Center, California 94128, USA",37.62802777777778,-122.40105555555556
./benign_people/benign_people_not_selfie/401_remove.jpg,"Rental Car Center, California 94128, USA",37.62802777777778,-122.40105555555556
./benign_people/benign_people_not_selfie/401_replace.jpg,"Rental Car Center, California 94128, USA",37.62802777777778,-122.40105555555556
./benign_people/benign_people_not_selfie/402_add.jpg,"17550 Castleton St, City of Industry, CA 91748, USA",33.99463333333333,-117.92150000000001
./benign_people/benign_people_not_selfie/402_remove.jpg,"17550 Castleton St, City of Industry, CA 91748, USA",33.99463333333333,-117.92150000000001
./benign_people/benign_people_not_selfie/402_replace.jpg,"17550 Castleton St, City of Industry, CA 91748, USA",33.99463333333333,-117.92150000000001
./benign_people/benign_people_not_selfie/403_add.jpg,"505 S Olive St, Los Angeles, CA 90013, USA",34.04912222222222,-118.25328055555556
./benign_people/benign_people_not_selfie/403_remove.jpg,"505 S Olive St, Los Angeles, CA 90013, USA",34.04912222222222,-118.25328055555556
./benign_people/benign_people_not_selfie/403_replace.jpg,"505 S Olive St, Los Angeles, CA 90013, USA",34.04912222222222,-118.25328055555556
./benign_people/benign_people_not_selfie/404_add.jpg,"505 S Olive St, Los Angeles, CA 90013, USA",34.049216666666666,-118.25326666666666
./benign_people/benign_people_not_selfie/404_remove.jpg,"505 S Olive St, Los Angeles, CA 90013, USA",34.049216666666666,-118.25326666666666
./benign_people/benign_people_not_selfie/404_replace.jpg,"505 S Olive St, Los Angeles, CA 90013, USA",34.049216666666666,-118.25326666666666
./benign_people/benign_people_not_selfie/405_add.jpg,"505 S Olive St, Los Angeles, CA 90013, USA",34.049141666666664,-118.25325833333333
./benign_people/benign_people_not_selfie/405_remove.jpg,"505 S Olive St, Los Angeles, CA 90013, USA",34.049141666666664,-118.25325833333333
./benign_people/benign_people_not_selfie/405_replace.jpg,"505 S Olive St, Los Angeles, CA 90013, USA",34.049141666666664,-118.25325833333333
./benign_people/benign_people_not_selfie/406_add.jpg,"562 W 5th St, Los Angeles, CA 90013, USA",34.04952222222222,-118.25343333333333
./benign_people/benign_people_not_selfie/406_remove.jpg,"562 W 5th St, Los Angeles, CA 90013, USA",34.04952222222222,-118.25343333333333
./benign_people/benign_people_not_selfie/406_replace.jpg,"562 W 5th St, Los Angeles, CA 90013, USA",34.04952222222222,-118.25343333333333
./benign_people/benign_people_not_selfie/407_add.jpg,"1302 Park Way, Beverly Hills, CA 90210, USA",34.072833333333335,-118.40335833333334
./benign_people/benign_people_not_selfie/407_remove.jpg,"1302 Park Way, Beverly Hills, CA 90210, USA",34.072833333333335,-118.40335833333334
./benign_people/benign_people_not_selfie/407_replace.jpg,"1302 Park Way, Beverly Hills, CA 90210, USA",34.072833333333335,-118.40335833333334
./benign_people/benign_people_not_selfie/408_add.jpg,"1302 Park Way, Beverly Hills, CA 90210, USA",34.07302777777778,-118.40349444444445
./benign_people/benign_people_not_selfie/408_remove.jpg,"1302 Park Way, Beverly Hills, CA 90210, USA",34.07302777777778,-118.40349444444445
./benign_people/benign_people_not_selfie/408_replace.jpg,"1302 Park Way, Beverly Hills, CA 90210, USA",34.07302777777778,-118.40349444444445
./benign_people/benign_people_not_selfie/409_add.jpg,"Santa Monica / Beverly, Beverly Hills, CA 90210, USA",34.077083333333334,-118.39572222222223
./benign_people/benign_people_not_selfie/409_remove.jpg,"Santa Monica / Beverly, Beverly Hills, CA 90210, USA",34.077083333333334,-118.39572222222223
./benign_people/benign_people_not_selfie/409_replace.jpg,"Santa Monica / Beverly, Beverly Hills, CA 90210, USA",34.077083333333334,-118.39572222222223
./benign_people/benign_people_not_selfie/410_add.jpg,"Beverly / San Vicente, Central LA, CA 90048, USA",34.07631944444445,-118.37941666666666
./benign_people/benign_people_not_selfie/410_remove.jpg,"Beverly / San Vicente, Central LA, CA 90048, USA",34.07631944444445,-118.37941666666666
./benign_people/benign_people_not_selfie/410_replace.jpg,"Beverly / San Vicente, Central LA, CA 90048, USA",34.07631944444445,-118.37941666666666
./benign_people/benign_people_not_selfie/411_add.jpg,"2376 N Vermont Ave, Los Angeles, CA 90027, USA",34.11407222222223,-118.29008611111111
./benign_people/benign_people_not_selfie/411_remove.jpg,"2376 N Vermont Ave, Los Angeles, CA 90027, USA",34.11407222222223,-118.29008611111111
./benign_people/benign_people_not_selfie/411_replace.jpg,"2376 N Vermont Ave, Los Angeles, CA 90027, USA",34.11407222222223,-118.29008611111111
./benign_people/benign_people_not_selfie/412_add.jpg,"2877-2891 E Observatory Rd, Los Angeles, CA 90027, USA",34.119927777777775,-118.30080277777778
./benign_people/benign_people_not_selfie/412_remove.jpg,"2877-2891 E Observatory Rd, Los Angeles, CA 90027, USA",34.119927777777775,-118.30080277777778
./benign_people/benign_people_not_selfie/412_replace.jpg,"2877-2891 E Observatory Rd, Los Angeles, CA 90027, USA",34.119927777777775,-118.30080277777778
./benign_people/benign_people_not_selfie/413_add.jpg,"2877-2891 E Observatory Rd, Los Angeles, CA 90027, USA",34.11989722222222,-118.3008111111111
./benign_people/benign_people_not_selfie/413_remove.jpg,"2877-2891 E Observatory Rd, Los Angeles, CA 90027, USA",34.11989722222222,-118.3008111111111
./benign_people/benign_people_not_selfie/413_replace.jpg,"2877-2891 E Observatory Rd, Los Angeles, CA 90027, USA",34.11989722222222,-118.3008111111111
./benign_people/benign_people_not_selfie/414_add.jpg,"2877-2891 E Observatory Rd, Los Angeles, CA 90027, USA",34.1199,-118.30080277777778
./benign_people/benign_people_not_selfie/414_remove.jpg,"2877-2891 E Observatory Rd, Los Angeles, CA 90027, USA",34.1199,-118.30080277777778
./benign_people/benign_people_not_selfie/414_replace.jpg,"2877-2891 E Observatory Rd, Los Angeles, CA 90027, USA",34.1199,-118.30080277777778
./benign_people/benign_people_not_selfie/415_add.jpg,"2800 E Observatory Rd, Los Angeles, CA 90027, USA",34.118344444444446,-118.30016388888889
./benign_people/benign_people_not_selfie/415_remove.jpg,"2800 E Observatory Rd, Los Angeles, CA 90027, USA",34.118344444444446,-118.30016388888889
./benign_people/benign_people_not_selfie/415_replace.jpg,"2800 E Observatory Rd, Los Angeles, CA 90027, USA",34.118344444444446,-118.30016388888889
./benign_people/benign_people_not_selfie/416_add.jpg,"2800 E Observatory Rd, Los Angeles, CA 90027, USA",34.11835833333333,-118.30014722222222
./benign_people/benign_people_not_selfie/416_remove.jpg,"2800 E Observatory Rd, Los Angeles, CA 90027, USA",34.11835833333333,-118.30014722222222
./benign_people/benign_people_not_selfie/416_replace.jpg,"2800 E Observatory Rd, Los Angeles, CA 90027, USA",34.11835833333333,-118.30014722222222
./benign_people/benign_people_not_selfie/417_add.jpg,"2800 E Observatory Rd, Los Angeles, CA 90027, USA",34.11836666666667,-118.30016388888889
./benign_people/benign_people_not_selfie/417_remove.jpg,"2800 E Observatory Rd, Los Angeles, CA 90027, USA",34.11836666666667,-118.30016388888889
./benign_people/benign_people_not_selfie/417_replace.jpg,"2800 E Observatory Rd, Los Angeles, CA 90027, USA",34.11836666666667,-118.30016388888889
./benign_people/benign_people_not_selfie/418_add.jpg,"190E E 4th St, Long Beach, CA 90802, USA",33.771477777777775,-118.19082777777778
./benign_people/benign_people_not_selfie/418_remove.jpg,"190E E 4th St, Long Beach, CA 90802, USA",33.771477777777775,-118.19082777777778
./benign_people/benign_people_not_selfie/418_replace.jpg,"190E E 4th St, Long Beach, CA 90802, USA",33.771477777777775,-118.19082777777778
./benign_people/benign_people_not_selfie/419_add.jpg,"Scott House, 160 W Woodruff Ave, Columbus, OH 43210, USA",40.004330555555555,-83.01339444444444
./benign_people/benign_people_not_selfie/419_remove.jpg,"Scott House, 160 W Woodruff Ave, Columbus, OH 43210, USA",40.004330555555555,-83.01339444444444
./benign_people/benign_people_not_selfie/419_replace.jpg,"Scott House, 160 W Woodruff Ave, Columbus, OH 43210, USA",40.004330555555555,-83.01339444444444
./benign_people/benign_people_not_selfie/420_add.jpg,"375 The Promenade N, Long Beach, CA 90802, USA",33.77137777777778,-118.19068888888889
./benign_people/benign_people_not_selfie/420_remove.jpg,"375 The Promenade N, Long Beach, CA 90802, USA",33.77137777777778,-118.19068888888889
./benign_people/benign_people_not_selfie/420_replace.jpg,"375 The Promenade N, Long Beach, CA 90802, USA",33.77137777777778,-118.19068888888889
./benign_people/benign_people_not_selfie/421_add.jpg,"180 E 4th St, Long Beach, CA 90802, USA",33.771591666666666,-118.19085
./benign_people/benign_people_not_selfie/421_remove.jpg,"180 E 4th St, Long Beach, CA 90802, USA",33.771591666666666,-118.19085
./benign_people/benign_people_not_selfie/421_replace.jpg,"180 E 4th St, Long Beach, CA 90802, USA",33.771591666666666,-118.19085
./benign_people/benign_people_not_selfie/422_add.jpg,"2268 Magnolia Ave, Long Beach, CA 90806, USA",33.798602777777774,-118.19798333333334
./benign_people/benign_people_not_selfie/422_remove.jpg,"2268 Magnolia Ave, Long Beach, CA 90806, USA",33.798602777777774,-118.19798333333334
./benign_people/benign_people_not_selfie/422_replace.jpg,"2268 Magnolia Ave, Long Beach, CA 90806, USA",33.798602777777774,-118.19798333333334
./benign_people/benign_people_not_selfie/423_add.jpg,"2200 E Willow St, Signal Hill, CA 90755, USA",33.804030555555556,-118.16565
./benign_people/benign_people_not_selfie/423_remove.jpg,"2200 E Willow St, Signal Hill, CA 90755, USA",33.804030555555556,-118.16565
./benign_people/benign_people_not_selfie/423_replace.jpg,"2200 E Willow St, Signal Hill, CA 90755, USA",33.804030555555556,-118.16565
./benign_people/benign_people_not_selfie/424_add.jpg,"Aviation / Imperial, Los Angeles, CA 90045, USA",33.931213888888884,-118.37837222222221
./benign_people/benign_people_not_selfie/424_remove.jpg,"Aviation / Imperial, Los Angeles, CA 90045, USA",33.931213888888884,-118.37837222222221
./benign_people/benign_people_not_selfie/424_replace.jpg,"Aviation / Imperial, Los Angeles, CA 90045, USA",33.931213888888884,-118.37837222222221
./benign_people/benign_people_not_selfie/425_add.jpg,"Imperial / Felton, Hawthorne, CA 90250, USA",33.930905555555555,-118.364975
./benign_people/benign_people_not_selfie/425_remove.jpg,"Imperial / Felton, Hawthorne, CA 90250, USA",33.930905555555555,-118.364975
./benign_people/benign_people_not_selfie/425_replace.jpg,"Imperial / Felton, Hawthorne, CA 90250, USA",33.930905555555555,-118.364975
./benign_people/benign_people_not_selfie/426_add.jpg,"2004 Los Trancos Dr, Irvine, CA 92617, USA",33.64338611111111,-117.84120833333333
./benign_people/benign_people_not_selfie/426_remove.jpg,"2004 Los Trancos Dr, Irvine, CA 92617, USA",33.64338611111111,-117.84120833333333
./benign_people/benign_people_not_selfie/426_replace.jpg,"2004 Los Trancos Dr, Irvine, CA 92617, USA",33.64338611111111,-117.84120833333333
./benign_people/benign_people_not_selfie/427_add.jpg,"2004 Los Trancos Dr, Irvine, CA 92617, USA",33.64338333333333,-117.84119444444444
./benign_people/benign_people_not_selfie/427_remove.jpg,"2004 Los Trancos Dr, Irvine, CA 92617, USA",33.64338333333333,-117.84119444444444
./benign_people/benign_people_not_selfie/427_replace.jpg,"2004 Los Trancos Dr, Irvine, CA 92617, USA",33.64338333333333,-117.84119444444444
./benign_people/benign_people_not_selfie/428_add.jpg,"1150, Engineering Hall, Irvine, CA 92697, USA",33.64405555555555,-117.84108055555555
./benign_people/benign_people_not_selfie/428_remove.jpg,"1150, Engineering Hall, Irvine, CA 92697, USA",33.64405555555555,-117.84108055555555
./benign_people/benign_people_not_selfie/428_replace.jpg,"1150, Engineering Hall, Irvine, CA 92697, USA",33.64405555555555,-117.84108055555555
./benign_people/benign_people_not_selfie/429_add.jpg,"302 E Peltason Dr, Irvine, CA 92617, USA",33.64435833333333,-117.84146944444444
./benign_people/benign_people_not_selfie/429_remove.jpg,"302 E Peltason Dr, Irvine, CA 92617, USA",33.64435833333333,-117.84146944444444
./benign_people/benign_people_not_selfie/429_replace.jpg,"302 E Peltason Dr, Irvine, CA 92617, USA",33.64435833333333,-117.84146944444444
./benign_people/benign_people_not_selfie/430_add.jpg,"302 Inner Ring Rd, Irvine, CA 92697, USA",33.64463055555556,-117.84166666666667
./benign_people/benign_people_not_selfie/430_remove.jpg,"302 Inner Ring Rd, Irvine, CA 92697, USA",33.64463055555556,-117.84166666666667
./benign_people/benign_people_not_selfie/430_replace.jpg,"302 Inner Ring Rd, Irvine, CA 92697, USA",33.64463055555556,-117.84166666666667
./benign_people/benign_people_not_selfie/431_add.jpg,"302 Inner Ring Rd, Irvine, CA 92697, USA",33.64471388888889,-117.84168333333332
./benign_people/benign_people_not_selfie/431_remove.jpg,"302 Inner Ring Rd, Irvine, CA 92697, USA",33.64471388888889,-117.84168333333332
./benign_people/benign_people_not_selfie/431_replace.jpg,"302 Inner Ring Rd, Irvine, CA 92697, USA",33.64471388888889,-117.84168333333332
./benign_people/benign_people_not_selfie/432_add.jpg,"302 Inner Ring Rd, Irvine, CA 92697, USA",33.644730555555554,-117.84174444444444
./benign_people/benign_people_not_selfie/432_remove.jpg,"302 Inner Ring Rd, Irvine, CA 92697, USA",33.644730555555554,-117.84174444444444
./benign_people/benign_people_not_selfie/432_replace.jpg,"302 Inner Ring Rd, Irvine, CA 92697, USA",33.644730555555554,-117.84174444444444
./benign_people/benign_people_not_selfie/433_add.jpg,"University of California, Irvine, Engineering Tower, room 304, Irvine, CA 92697, USA",33.644333333333336,-117.84106388888888
./benign_people/benign_people_not_selfie/433_remove.jpg,"University of California, Irvine, Engineering Tower, room 304, Irvine, CA 92697, USA",33.644333333333336,-117.84106388888888
./benign_people/benign_people_not_selfie/433_replace.jpg,"University of California, Irvine, Engineering Tower, room 304, Irvine, CA 92697, USA",33.644333333333336,-117.84106388888888
./benign_people/benign_people_not_selfie/434_add.jpg,"308 Engineering Ct, Irvine, CA 92617, USA",33.643905555555556,-117.84095833333333
./benign_people/benign_people_not_selfie/434_remove.jpg,"308 Engineering Ct, Irvine, CA 92617, USA",33.643905555555556,-117.84095833333333
./benign_people/benign_people_not_selfie/434_replace.jpg,"308 Engineering Ct, Irvine, CA 92617, USA",33.643905555555556,-117.84095833333333
./benign_people/benign_people_not_selfie/435_add.jpg,"215 Cliff Dr, Laguna Beach, CA 92651, USA",33.544574999999995,-117.78478888888888
./benign_people/benign_people_not_selfie/435_remove.jpg,"215 Cliff Dr, Laguna Beach, CA 92651, USA",33.544574999999995,-117.78478888888888
./benign_people/benign_people_not_selfie/435_replace.jpg,"215 Cliff Dr, Laguna Beach, CA 92651, USA",33.544574999999995,-117.78478888888888
./benign_people/benign_people_not_selfie/436_add.jpg,"216 Cliff Dr, Laguna Beach, CA 92651, USA",33.54415833333333,-117.78546944444444
./benign_people/benign_people_not_selfie/436_remove.jpg,"216 Cliff Dr, Laguna Beach, CA 92651, USA",33.54415833333333,-117.78546944444444
./benign_people/benign_people_not_selfie/436_replace.jpg,"216 Cliff Dr, Laguna Beach, CA 92651, USA",33.54415833333333,-117.78546944444444
./benign_people/benign_people_not_selfie/437_add.jpg,"224 Cliff Dr, Laguna Beach, CA 92651, USA",33.54411388888889,-117.785575
./benign_people/benign_people_not_selfie/437_remove.jpg,"224 Cliff Dr, Laguna Beach, CA 92651, USA",33.54411388888889,-117.785575
./benign_people/benign_people_not_selfie/437_replace.jpg,"224 Cliff Dr, Laguna Beach, CA 92651, USA",33.54411388888889,-117.785575
./benign_people/benign_people_not_selfie/438_add.jpg,"234 Broadway St, Laguna Beach, CA 92651, USA",33.54325,-117.78499722222222
./benign_people/benign_people_not_selfie/438_remove.jpg,"234 Broadway St, Laguna Beach, CA 92651, USA",33.54325,-117.78499722222222
./benign_people/benign_people_not_selfie/438_replace.jpg,"234 Broadway St, Laguna Beach, CA 92651, USA",33.54325,-117.78499722222222
./benign_people/benign_people_not_selfie/439_add.jpg,"234 Broadway St, Laguna Beach, CA 92651, USA",33.54319722222222,-117.78505
./benign_people/benign_people_not_selfie/439_remove.jpg,"234 Broadway St, Laguna Beach, CA 92651, USA",33.54319722222222,-117.78505
./benign_people/benign_people_not_selfie/439_replace.jpg,"234 Broadway St, Laguna Beach, CA 92651, USA",33.54319722222222,-117.78505
./benign_people/benign_people_not_selfie/440_add.jpg,"107 S Coast Hwy, Laguna Beach, CA 92651, USA",33.54255,-117.78554444444444
./benign_people/benign_people_not_selfie/440_remove.jpg,"107 S Coast Hwy, Laguna Beach, CA 92651, USA",33.54255,-117.78554444444444
./benign_people/benign_people_not_selfie/440_replace.jpg,"107 S Coast Hwy, Laguna Beach, CA 92651, USA",33.54255,-117.78554444444444
./benign_people/benign_people_not_selfie/441_add.jpg,"107 S Coast Hwy, Laguna Beach, CA 92651, USA",33.542275,-117.78526944444444
./benign_people/benign_people_not_selfie/441_remove.jpg,"107 S Coast Hwy, Laguna Beach, CA 92651, USA",33.542275,-117.78526944444444
./benign_people/benign_people_not_selfie/441_replace.jpg,"107 S Coast Hwy, Laguna Beach, CA 92651, USA",33.542275,-117.78526944444444
./benign_people/benign_people_not_selfie/442_add.jpg,"107 S Coast Hwy, Laguna Beach, CA 92651, USA",33.54225833333333,-117.78527777777778
./benign_people/benign_people_not_selfie/442_remove.jpg,"107 S Coast Hwy, Laguna Beach, CA 92651, USA",33.54225833333333,-117.78527777777778
./benign_people/benign_people_not_selfie/442_replace.jpg,"107 S Coast Hwy, Laguna Beach, CA 92651, USA",33.54225833333333,-117.78527777777778
./benign_people/benign_people_not_selfie/443_add.jpg,"215 Forest Ave, Laguna Beach, CA 92651, USA",33.54215277777777,-117.78318888888889
./benign_people/benign_people_not_selfie/443_remove.jpg,"215 Forest Ave, Laguna Beach, CA 92651, USA",33.54215277777777,-117.78318888888889
./benign_people/benign_people_not_selfie/443_replace.jpg,"215 Forest Ave, Laguna Beach, CA 92651, USA",33.54215277777777,-117.78318888888889
./benign_people/benign_people_not_selfie/444_add.jpg,"294 Forest Ave, Laguna Beach, CA 92651, USA",33.543530555555556,-117.782425
./benign_people/benign_people_not_selfie/444_remove.jpg,"294 Forest Ave, Laguna Beach, CA 92651, USA",33.543530555555556,-117.782425
./benign_people/benign_people_not_selfie/444_replace.jpg,"294 Forest Ave, Laguna Beach, CA 92651, USA",33.543530555555556,-117.782425
./benign_people/benign_people_not_selfie/445_add.jpg,"294 Forest Ave, Laguna Beach, CA 92651, USA",33.54353611111111,-117.78244722222222
./benign_people/benign_people_not_selfie/445_remove.jpg,"294 Forest Ave, Laguna Beach, CA 92651, USA",33.54353611111111,-117.78244722222222
./benign_people/benign_people_not_selfie/445_replace.jpg,"294 Forest Ave, Laguna Beach, CA 92651, USA",33.54353611111111,-117.78244722222222
./benign_people/benign_people_not_selfie/446_add.jpg,"9500 Gilman Drive,, La Jolla, CA 92093, USA",32.88101666666667,-117.23747222222222
./benign_people/benign_people_not_selfie/446_remove.jpg,"9500 Gilman Drive,, La Jolla, CA 92093, USA",32.88101666666667,-117.23747222222222
./benign_people/benign_people_not_selfie/446_replace.jpg,"9500 Gilman Drive,, La Jolla, CA 92093, USA",32.88101666666667,-117.23747222222222
./benign_people/benign_people_not_selfie/447_add.jpg,"9701 Hopkins Ln, La Jolla, CA 92093, USA",32.88116388888889,-117.23760277777778
./benign_people/benign_people_not_selfie/447_remove.jpg,"9701 Hopkins Ln, La Jolla, CA 92093, USA",32.88116388888889,-117.23760277777778
./benign_people/benign_people_not_selfie/447_replace.jpg,"9701 Hopkins Ln, La Jolla, CA 92093, USA",32.88116388888889,-117.23760277777778
./benign_people/benign_people_not_selfie/448_add.jpg,"9701 Hopkins Ln, La Jolla, CA 92093, USA",32.881211111111114,-117.23761666666667
./benign_people/benign_people_not_selfie/448_remove.jpg,"9701 Hopkins Ln, La Jolla, CA 92093, USA",32.881211111111114,-117.23761666666667
./benign_people/benign_people_not_selfie/448_replace.jpg,"9701 Hopkins Ln, La Jolla, CA 92093, USA",32.881211111111114,-117.23761666666667
./benign_people/benign_people_not_selfie/449_add.jpg,"Geisel Library, San Diego, CA 92161, USA",32.88057222222222,-117.23745
./benign_people/benign_people_not_selfie/449_remove.jpg,"Geisel Library, San Diego, CA 92161, USA",32.88057222222222,-117.23745
./benign_people/benign_people_not_selfie/449_replace.jpg,"Geisel Library, San Diego, CA 92161, USA",32.88057222222222,-117.23745
./benign_people/benign_people_not_selfie/450_add.jpg,"Price Center, La Jolla, CA 92093, USA",32.88012222222222,-117.237625
./benign_people/benign_people_not_selfie/450_remove.jpg,"Price Center, La Jolla, CA 92093, USA",32.88012222222222,-117.237625
./benign_people/benign_people_not_selfie/450_replace.jpg,"Price Center, La Jolla, CA 92093, USA",32.88012222222222,-117.237625
./benign_people/benign_people_not_selfie/451_add.jpg,"9521 Mandeville Ln, La Jolla, CA 92093, USA",32.87953888888889,-117.23755
./benign_people/benign_people_not_selfie/451_remove.jpg,"9521 Mandeville Ln, La Jolla, CA 92093, USA",32.87953888888889,-117.23755
./benign_people/benign_people_not_selfie/451_replace.jpg,"9521 Mandeville Ln, La Jolla, CA 92093, USA",32.87953888888889,-117.23755
./benign_people/benign_people_not_selfie/452_add.jpg,"9500 Gilman Dr, La Jolla, CA 92093, USA",32.879647222222225,-117.23775555555555
./benign_people/benign_people_not_selfie/452_remove.jpg,"9500 Gilman Dr, La Jolla, CA 92093, USA",32.879647222222225,-117.23775555555555
./benign_people/benign_people_not_selfie/452_replace.jpg,"9500 Gilman Dr, La Jolla, CA 92093, USA",32.879647222222225,-117.23775555555555
./benign_people/benign_people_not_selfie/453_add.jpg,"9500 Gilman Dr, La Jolla, CA 92093, USA",32.87928055555555,-117.23596944444445
./benign_people/benign_people_not_selfie/453_remove.jpg,"9500 Gilman Dr, La Jolla, CA 92093, USA",32.87928055555555,-117.23596944444445
./benign_people/benign_people_not_selfie/453_replace.jpg,"9500 Gilman Dr, La Jolla, CA 92093, USA",32.87928055555555,-117.23596944444445
./benign_people/benign_people_not_selfie/454_add.jpg,"GILMAN B, La Jolla, CA 92093, USA",32.878825,-117.23285
./benign_people/benign_people_not_selfie/454_remove.jpg,"GILMAN B, La Jolla, CA 92093, USA",32.878825,-117.23285
./benign_people/benign_people_not_selfie/454_replace.jpg,"GILMAN B, La Jolla, CA 92093, USA",32.878825,-117.23285
./benign_people/benign_people_not_selfie/455_add.jpg,"Engineering Building Unit 2, La Jolla, CA 92093, USA",32.88091388888889,-117.23356666666666
./benign_people/benign_people_not_selfie/455_remove.jpg,"Engineering Building Unit 2, La Jolla, CA 92093, USA",32.88091388888889,-117.23356666666666
./benign_people/benign_people_not_selfie/455_replace.jpg,"Engineering Building Unit 2, La Jolla, CA 92093, USA",32.88091388888889,-117.23356666666666
./benign_people/benign_people_not_selfie/456_add.jpg,"3234 Matthews Ln, La Jolla, CA 92093, USA",32.88081388888889,-117.23356666666666
./benign_people/benign_people_not_selfie/456_remove.jpg,"3234 Matthews Ln, La Jolla, CA 92093, USA",32.88081388888889,-117.23356666666666
./benign_people/benign_people_not_selfie/456_replace.jpg,"3234 Matthews Ln, La Jolla, CA 92093, USA",32.88081388888889,-117.23356666666666
./benign_people/benign_people_not_selfie/457_add.jpg,"9500 Gilman Dr #0422, La Jolla, CA 92093, USA",32.88193611111111,-117.234
./benign_people/benign_people_not_selfie/457_remove.jpg,"9500 Gilman Dr #0422, La Jolla, CA 92093, USA",32.88193611111111,-117.234
./benign_people/benign_people_not_selfie/457_replace.jpg,"9500 Gilman Dr #0422, La Jolla, CA 92093, USA",32.88193611111111,-117.234
./benign_people/benign_people_not_selfie/458_add.jpg,"1581 Dodd Dr, Columbus, OH 43210, USA",39.993575,-83.02054166666666
./benign_people/benign_people_not_selfie/458_remove.jpg,"1581 Dodd Dr, Columbus, OH 43210, USA",39.993575,-83.02054166666666
./benign_people/benign_people_not_selfie/458_replace.jpg,"1581 Dodd Dr, Columbus, OH 43210, USA",39.993575,-83.02054166666666
./benign_people/benign_people_not_selfie/459_add.jpg,"9500 Gilman Dr #0422, La Jolla, CA 92093, USA",32.88191944444444,-117.2342
./benign_people/benign_people_not_selfie/459_remove.jpg,"9500 Gilman Dr #0422, La Jolla, CA 92093, USA",32.88191944444444,-117.2342
./benign_people/benign_people_not_selfie/459_replace.jpg,"9500 Gilman Dr #0422, La Jolla, CA 92093, USA",32.88191944444444,-117.2342
./benign_people/benign_people_not_selfie/460_add.jpg,"3180 Voigt Dr, La Jolla, CA 92093, USA",32.88323888888889,-117.23490277777778
./benign_people/benign_people_not_selfie/460_remove.jpg,"3180 Voigt Dr, La Jolla, CA 92093, USA",32.88323888888889,-117.23490277777778
./benign_people/benign_people_not_selfie/460_replace.jpg,"3180 Voigt Dr, La Jolla, CA 92093, USA",32.88323888888889,-117.23490277777778
./benign_people/benign_people_not_selfie/461_add.jpg,"1475 W Redondo Beach Blvd, Gardena, CA 90247, USA",33.89075833333333,-118.30258888888889
./benign_people/benign_people_not_selfie/461_remove.jpg,"1475 W Redondo Beach Blvd, Gardena, CA 90247, USA",33.89075833333333,-118.30258888888889
./benign_people/benign_people_not_selfie/461_replace.jpg,"1475 W Redondo Beach Blvd, Gardena, CA 90247, USA",33.89075833333333,-118.30258888888889
./benign_people/benign_people_not_selfie/461_add_1.jpg,"1475 W Redondo Beach Blvd, Gardena, CA 90247, USA",33.89075833333333,-118.30258888888889
./benign_people/benign_people_not_selfie/462_add.jpg,"4210 Service Ln, Madison, WI 53704, USA",43.126133333333335,-89.31202777777777
./benign_people/benign_people_not_selfie/462_remove.jpg,"4210 Service Ln, Madison, WI 53704, USA",43.126133333333335,-89.31202777777777
./benign_people/benign_people_not_selfie/462_replace.jpg,"4210 Service Ln, Madison, WI 53704, USA",43.126133333333335,-89.31202777777777
./benign_people/benign_people_not_selfie/499_add.jpg,"5th St & Grand Ave, Los Angeles, CA 90013, USA",34.049749999999996,-118.25343333333333
./benign_people/benign_people_not_selfie/499_remove.jpg,"5th St & Grand Ave, Los Angeles, CA 90013, USA",34.049749999999996,-118.25343333333333
./benign_people/benign_people_not_selfie/499_replace.jpg,"5th St & Grand Ave, Los Angeles, CA 90013, USA",34.049749999999996,-118.25343333333333
./benign_people/benign_people_selfie/463_add.jpg,"140 E Tuscarawas Trail, Sandusky, OH 44870, USA",41.470925,-82.82324166666666
./benign_people/benign_people_selfie/463_remove.jpg,"140 E Tuscarawas Trail, Sandusky, OH 44870, USA",41.470925,-82.82324166666666
./benign_people/benign_people_selfie/463_replace.jpg,"140 E Tuscarawas Trail, Sandusky, OH 44870, USA",41.470925,-82.82324166666666
./benign_people/benign_people_selfie/464_add.jpg,"1100 El Camino Real, Millbrae, CA 94030, USA",37.60801388888889,-122.3966138888889
./benign_people/benign_people_selfie/464_remove.jpg,"1100 El Camino Real, Millbrae, CA 94030, USA",37.60801388888889,-122.3966138888889
./benign_people/benign_people_selfie/464_replace.jpg,"1100 El Camino Real, Millbrae, CA 94030, USA",37.60801388888889,-122.3966138888889
./benign_people/benign_people_selfie/465_add.jpg,"1100 CA-82, Millbrae, CA 94030, USA",37.607169444444445,-122.39782777777778
./benign_people/benign_people_selfie/465_remove.jpg,"1100 CA-82, Millbrae, CA 94030, USA",37.607169444444445,-122.39782777777778
./benign_people/benign_people_selfie/465_replace.jpg,"1100 CA-82, Millbrae, CA 94030, USA",37.607169444444445,-122.39782777777778
./benign_people/benign_people_selfie/466_add.jpg,"435 S Airport Blvd, South San Francisco, CA 94080, USA",37.64222777777778,-122.40250277777778
./benign_people/benign_people_selfie/466_remove.jpg,"435 S Airport Blvd, South San Francisco, CA 94080, USA",37.64222777777778,-122.40250277777778
./benign_people/benign_people_selfie/466_replace.jpg,"435 S Airport Blvd, South San Francisco, CA 94080, USA",37.64222777777778,-122.40250277777778
./benign_people/benign_people_selfie/467_add.jpg,"435 S Airport Blvd, South San Francisco, CA 94080, USA",37.64222777777778,-122.40254166666668
./benign_people/benign_people_selfie/467_remove.jpg,"435 S Airport Blvd, South San Francisco, CA 94080, USA",37.64222777777778,-122.40254166666668
./benign_people/benign_people_selfie/467_replace.jpg,"435 S Airport Blvd, South San Francisco, CA 94080, USA",37.64222777777778,-122.40254166666668
./benign_people/benign_people_selfie/468_add.jpg,"435 S Airport Blvd, South San Francisco, CA 94080, USA",37.64225833333333,-122.40241111111112
./benign_people/benign_people_selfie/468_remove.jpg,"435 S Airport Blvd, South San Francisco, CA 94080, USA",37.64225833333333,-122.40241111111112
./benign_people/benign_people_selfie/468_replace.jpg,"435 S Airport Blvd, South San Francisco, CA 94080, USA",37.64225833333333,-122.40241111111112
./benign_people/benign_people_selfie/469_add.jpg,"2260 Magnolia Ave, Long Beach, CA 90806, USA",33.798319444444445,-118.19800555555555
./benign_people/benign_people_selfie/469_remove.jpg,"2260 Magnolia Ave, Long Beach, CA 90806, USA",33.798319444444445,-118.19800555555555
./benign_people/benign_people_selfie/469_replace.jpg,"2260 Magnolia Ave, Long Beach, CA 90806, USA",33.798319444444445,-118.19800555555555
./benign_people/benign_people_selfie/470_add.jpg,"2260 Magnolia Ave, Long Beach, CA 90806, USA",33.798344444444446,-118.19799166666667
./benign_people/benign_people_selfie/470_remove.jpg,"2260 Magnolia Ave, Long Beach, CA 90806, USA",33.798344444444446,-118.19799166666667
./benign_people/benign_people_selfie/470_replace.jpg,"2260 Magnolia Ave, Long Beach, CA 90806, USA",33.798344444444446,-118.19799166666667
./benign_people/benign_people_selfie/471_add.jpg,"2264 Magnolia Ave, Long Beach, CA 90806, USA",33.79848888888889,-118.19799166666667
./benign_people/benign_people_selfie/471_remove.jpg,"2264 Magnolia Ave, Long Beach, CA 90806, USA",33.79848888888889,-118.19799166666667
./benign_people/benign_people_selfie/471_replace.jpg,"2264 Magnolia Ave, Long Beach, CA 90806, USA",33.79848888888889,-118.19799166666667
./benign_people/benign_people_selfie/472_add.jpg,"2268 Magnolia Ave, Long Beach, CA 90806, USA",33.798602777777774,-118.19799166666667
./benign_people/benign_people_selfie/472_remove.jpg,"2268 Magnolia Ave, Long Beach, CA 90806, USA",33.798602777777774,-118.19799166666667
./benign_people/benign_people_selfie/472_replace.jpg,"2268 Magnolia Ave, Long Beach, CA 90806, USA",33.798602777777774,-118.19799166666667
./benign_people/benign_people_selfie/473_add.jpg,"2290 Magnolia Ave, Long Beach, CA 90806, USA",33.798899999999996,-118.197975
./benign_people/benign_people_selfie/473_remove.jpg,"2290 Magnolia Ave, Long Beach, CA 90806, USA",33.798899999999996,-118.197975
./benign_people/benign_people_selfie/473_replace.jpg,"2290 Magnolia Ave, Long Beach, CA 90806, USA",33.798899999999996,-118.197975
./benign_people/benign_people_selfie/474_add.jpg,"2290 Magnolia Ave, Long Beach, CA 90806, USA",33.79888611111111,-118.19799166666667
./benign_people/benign_people_selfie/474_remove.jpg,"2290 Magnolia Ave, Long Beach, CA 90806, USA",33.79888611111111,-118.19799166666667
./benign_people/benign_people_selfie/474_replace.jpg,"2290 Magnolia Ave, Long Beach, CA 90806, USA",33.79888611111111,-118.19799166666667
./benign_people/benign_people_selfie/475_add.jpg,"2268 Magnolia Ave, Long Beach, CA 90806, USA",33.79858888888889,-118.1980138888889
./benign_people/benign_people_selfie/475_remove.jpg,"2268 Magnolia Ave, Long Beach, CA 90806, USA",33.79858888888889,-118.1980138888889
./benign_people/benign_people_selfie/475_replace.jpg,"2268 Magnolia Ave, Long Beach, CA 90806, USA",33.79858888888889,-118.1980138888889
./benign_people/benign_people_selfie/476_add.jpg,"2264 Magnolia Ave, Long Beach, CA 90806, USA",33.79847222222222,-118.19802222222222
./benign_people/benign_people_selfie/476_remove.jpg,"2264 Magnolia Ave, Long Beach, CA 90806, USA",33.79847222222222,-118.19802222222222
./benign_people/benign_people_selfie/476_replace.jpg,"2264 Magnolia Ave, Long Beach, CA 90806, USA",33.79847222222222,-118.19802222222222
./benign_people/benign_people_selfie/477_add.jpg,"2260 Magnolia Ave, Long Beach, CA 90806, USA",33.79838611111111,-118.19800555555555
./benign_people/benign_people_selfie/477_remove.jpg,"2260 Magnolia Ave, Long Beach, CA 90806, USA",33.79838611111111,-118.19800555555555
./benign_people/benign_people_selfie/477_replace.jpg,"2260 Magnolia Ave, Long Beach, CA 90806, USA",33.79838611111111,-118.19800555555555
./benign_people/benign_people_selfie/478_add.jpg,"2264 Magnolia Ave, Long Beach, CA 90806, USA",33.79846666666666,-118.19800555555555
./benign_people/benign_people_selfie/478_remove.jpg,"2264 Magnolia Ave, Long Beach, CA 90806, USA",33.79846666666666,-118.19800555555555
./benign_people/benign_people_selfie/478_replace.jpg,"2264 Magnolia Ave, Long Beach, CA 90806, USA",33.79846666666666,-118.19800555555555
./benign_people/benign_people_selfie/479_add.jpg,"2590 Magnolia Ave, Long Beach, CA 90806, USA",33.804230555555556,-118.19808888888889
./benign_people/benign_people_selfie/479_remove.jpg,"2590 Magnolia Ave, Long Beach, CA 90806, USA",33.804230555555556,-118.19808888888889
./benign_people/benign_people_selfie/479_replace.jpg,"2590 Magnolia Ave, Long Beach, CA 90806, USA",33.804230555555556,-118.19808888888889
./benign_people/benign_people_selfie/480_add.jpg,"590 E Willow St, Long Beach, CA 90806, USA",33.80435833333333,-118.18521111111112
./benign_people/benign_people_selfie/480_remove.jpg,"590 E Willow St, Long Beach, CA 90806, USA",33.80435833333333,-118.18521111111112
./benign_people/benign_people_selfie/480_replace.jpg,"590 E Willow St, Long Beach, CA 90806, USA",33.80435833333333,-118.18521111111112
./benign_people/benign_people_selfie/481_add.jpg,"18025 Gale Ave, City of Industry, CA 91748, USA",33.99576666666667,-117.91055277777778
./benign_people/benign_people_selfie/481_remove.jpg,"18025 Gale Ave, City of Industry, CA 91748, USA",33.99576666666667,-117.91055277777778
./benign_people/benign_people_selfie/481_replace.jpg,"18025 Gale Ave, City of Industry, CA 91748, USA",33.99576666666667,-117.91055277777778
./benign_people/benign_people_selfie/482_add.jpg,"18025 Gale Ave, City of Industry, CA 91748, USA",33.995736111111114,-117.91056111111112
./benign_people/benign_people_selfie/482_remove.jpg,"18025 Gale Ave, City of Industry, CA 91748, USA",33.995736111111114,-117.91056111111112
./benign_people/benign_people_selfie/482_replace.jpg,"18025 Gale Ave, City of Industry, CA 91748, USA",33.995736111111114,-117.91056111111112
./benign_people/benign_people_selfie/483_add.jpg,"355 Broadway St, Laguna Beach, CA 92651, USA",33.54473888888889,-117.78327222222222
./benign_people/benign_people_selfie/483_remove.jpg,"355 Broadway St, Laguna Beach, CA 92651, USA",33.54473888888889,-117.78327222222222
./benign_people/benign_people_selfie/483_replace.jpg,"355 Broadway St, Laguna Beach, CA 92651, USA",33.54473888888889,-117.78327222222222
./benign_people/benign_people_selfie/484_add.jpg,"310 Broadway St, Laguna Beach, CA 92651, USA",33.54441388888889,-117.78382777777777
./benign_people/benign_people_selfie/484_remove.jpg,"310 Broadway St, Laguna Beach, CA 92651, USA",33.54441388888889,-117.78382777777777
./benign_people/benign_people_selfie/484_replace.jpg,"310 Broadway St, Laguna Beach, CA 92651, USA",33.54441388888889,-117.78382777777777
./benign_people/benign_people_selfie/485_add.jpg,"310 Broadway St, Laguna Beach, CA 92651, USA",33.54443055555555,-117.78384444444444
./benign_people/benign_people_selfie/485_remove.jpg,"310 Broadway St, Laguna Beach, CA 92651, USA",33.54443055555555,-117.78384444444444
./benign_people/benign_people_selfie/485_replace.jpg,"310 Broadway St, Laguna Beach, CA 92651, USA",33.54443055555555,-117.78384444444444
./benign_people/benign_people_selfie/486_add.jpg,"310 Broadway St, Laguna Beach, CA 92651, USA",33.54438333333333,-117.78376666666666
./benign_people/benign_people_selfie/486_remove.jpg,"310 Broadway St, Laguna Beach, CA 92651, USA",33.54438333333333,-117.78376666666666
./benign_people/benign_people_selfie/486_replace.jpg,"310 Broadway St, Laguna Beach, CA 92651, USA",33.54438333333333,-117.78376666666666
./benign_people/benign_people_selfie/487_add.jpg,"187 Lower Cliff Dr, Laguna Beach, CA 92651, USA",33.54479722222222,-117.78451666666666
./benign_people/benign_people_selfie/487_remove.jpg,"187 Lower Cliff Dr, Laguna Beach, CA 92651, USA",33.54479722222222,-117.78451666666666
./benign_people/benign_people_selfie/487_replace.jpg,"187 Lower Cliff Dr, Laguna Beach, CA 92651, USA",33.54479722222222,-117.78451666666666
./benign_people/benign_people_selfie/488_add.jpg,"224 Cliff Dr, Laguna Beach, CA 92651, USA",33.54411388888889,-117.78559166666666
./benign_people/benign_people_selfie/488_remove.jpg,"224 Cliff Dr, Laguna Beach, CA 92651, USA",33.54411388888889,-117.78559166666666
./benign_people/benign_people_selfie/488_replace.jpg,"224 Cliff Dr, Laguna Beach, CA 92651, USA",33.54411388888889,-117.78559166666666
./benign_people/benign_people_selfie/489_add.jpg,"224 Cliff Dr, Laguna Beach, CA 92651, USA",33.544125,-117.78559166666666
./benign_people/benign_people_selfie/489_remove.jpg,"224 Cliff Dr, Laguna Beach, CA 92651, USA",33.544125,-117.78559166666666
./benign_people/benign_people_selfie/489_replace.jpg,"224 Cliff Dr, Laguna Beach, CA 92651, USA",33.544125,-117.78559166666666
./benign_people/benign_people_selfie/490_add.jpg,"107 S Coast Hwy, Laguna Beach, CA 92651, USA",33.54223611111111,-117.78524722222222
./benign_people/benign_people_selfie/490_remove.jpg,"107 S Coast Hwy, Laguna Beach, CA 92651, USA",33.54223611111111,-117.78524722222222
./benign_people/benign_people_selfie/490_replace.jpg,"107 S Coast Hwy, Laguna Beach, CA 92651, USA",33.54223611111111,-117.78524722222222
./benign_people/benign_people_selfie/491_add.jpg,"351 Ledroit St, Laguna Beach, CA 92651, USA",33.551288888888884,-117.80249722222221
./benign_people/benign_people_selfie/491_remove.jpg,"351 Ledroit St, Laguna Beach, CA 92651, USA",33.551288888888884,-117.80249722222221
./benign_people/benign_people_selfie/491_replace.jpg,"351 Ledroit St, Laguna Beach, CA 92651, USA",33.551288888888884,-117.80249722222221
./benign_people/benign_people_selfie/492_add.jpg,"2150 Naga Ln, La Jolla, CA 92037, USA",32.86625,-117.25306666666667
./benign_people/benign_people_selfie/492_remove.jpg,"2150 Naga Ln, La Jolla, CA 92037, USA",32.86625,-117.25306666666667
./benign_people/benign_people_selfie/492_replace.jpg,"2150 Naga Ln, La Jolla, CA 92037, USA",32.86625,-117.25306666666667
./benign_people/benign_people_selfie/497_add.jpg,"2590 Magnolia Ave, Long Beach, CA 90806, USA",33.804230555555556,-118.19808888888889
./benign_people/benign_people_selfie/497_remove.jpg,"2590 Magnolia Ave, Long Beach, CA 90806, USA",33.804230555555556,-118.19808888888889
./benign_people/benign_people_selfie/497_replace.jpg,"2590 Magnolia Ave, Long Beach, CA 90806, USA",33.804230555555556,-118.19808888888889
./benign_people/benign_people_selfie/1_add.jpg,"1100 El Camino Real, Millbrae, CA 94030, USA",37.60791666666667,-122.39736111111112
./benign_people/benign_people_selfie/1_remove.jpg,"1100 El Camino Real, Millbrae, CA 94030, USA",37.60791666666667,-122.39736111111112
./benign_people/benign_people_selfie/1_replace.jpg,"1100 El Camino Real, Millbrae, CA 94030, USA",37.60791666666667,-122.39736111111112
./mirror/10_add.jpg,"1046 Harker Ave, Palo Alto, CA 94301, USA",37.44662222222222,-122.14499722222223
./mirror/10_remove.jpg,"1046 Harker Ave, Palo Alto, CA 94301, USA",37.44662222222222,-122.14499722222223
./mirror/10_replace.jpg,"1046 Harker Ave, Palo Alto, CA 94301, USA",37.44662222222222,-122.14499722222223
./mirror/11_add.jpg,"1090 Harriet St, Palo Alto, CA 94301, USA",37.44670833333333,-122.14503611111111
./mirror/11_remove.jpg,"1090 Harriet St, Palo Alto, CA 94301, USA",37.44670833333333,-122.14503611111111
./mirror/11_replace.jpg,"1090 Harriet St, Palo Alto, CA 94301, USA",37.44670833333333,-122.14503611111111
./mirror/12_add.jpg,"1105 Harker Ave, Palo Alto, CA 94301, USA",37.44689444444444,-122.14495833333334
./mirror/12_remove.jpg,"1105 Harker Ave, Palo Alto, CA 94301, USA",37.44689444444444,-122.14495833333334
./mirror/12_replace.jpg,"1105 Harker Ave, Palo Alto, CA 94301, USA",37.44689444444444,-122.14495833333334
./mirror/13_add.jpg,"769 Melville Ave, Palo Alto, CA 94301, USA",37.44563611111111,-122.14636944444445
./mirror/13_remove.jpg,"769 Melville Ave, Palo Alto, CA 94301, USA",37.44563611111111,-122.14636944444445
./mirror/13_replace.jpg,"769 Melville Ave, Palo Alto, CA 94301, USA",37.44563611111111,-122.14636944444445
./mirror/14_add.jpg,"1005 Parkinson Ave, Palo Alto, CA 94301, USA",37.44571944444444,-122.14631666666668
./mirror/14_remove.jpg,"1005 Parkinson Ave, Palo Alto, CA 94301, USA",37.44571944444444,-122.14631666666668
./mirror/14_replace.jpg,"1005 Parkinson Ave, Palo Alto, CA 94301, USA",37.44571944444444,-122.14631666666668
./mirror/15_add.jpg,"769 Melville Ave, Palo Alto, CA 94301, USA",37.44566666666666,-122.14646111111112
./mirror/15_remove.jpg,"769 Melville Ave, Palo Alto, CA 94301, USA",37.44566666666666,-122.14646111111112
./mirror/15_replace.jpg,"769 Melville Ave, Palo Alto, CA 94301, USA",37.44566666666666,-122.14646111111112
./mirror/16_add.jpg,"795 Melville Ave, Palo Alto, CA 94301, USA",37.445877777777774,-122.14647777777779
./mirror/16_remove.jpg,"795 Melville Ave, Palo Alto, CA 94301, USA",37.445877777777774,-122.14647777777779
./mirror/16_replace.jpg,"795 Melville Ave, Palo Alto, CA 94301, USA",37.445877777777774,-122.14647777777779
./mirror/17_add.jpg,"795 Melville Ave, Palo Alto, CA 94301, USA",37.44589166666666,-122.14646944444445
./mirror/17_remove.jpg,"795 Melville Ave, Palo Alto, CA 94301, USA",37.44589166666666,-122.14646944444445
./mirror/17_replace.jpg,"795 Melville Ave, Palo Alto, CA 94301, USA",37.44589166666666,-122.14646944444445
./mirror/18_add.jpg,"769 Melville Ave, Palo Alto, CA 94301, USA",37.445541666666664,-122.14644722222224
./mirror/18_remove.jpg,"769 Melville Ave, Palo Alto, CA 94301, USA",37.445541666666664,-122.14644722222224
./mirror/18_replace.jpg,"769 Melville Ave, Palo Alto, CA 94301, USA",37.445541666666664,-122.14644722222224
./mirror/19_add.jpg,"1295 Middlefield Rd, Palo Alto, CA 94301, USA",37.44495,-122.14650833333334
./mirror/19_remove.jpg,"1295 Middlefield Rd, Palo Alto, CA 94301, USA",37.44495,-122.14650833333334
./mirror/19_replace.jpg,"1295 Middlefield Rd, Palo Alto, CA 94301, USA",37.44495,-122.14650833333334
./mirror/2_add.jpg,"1100 El Camino Real, San Bruno, CA 94066, USA",37.60768888888889,-122.39748333333334
./mirror/2_remove.jpg,"1100 El Camino Real, San Bruno, CA 94066, USA",37.60768888888889,-122.39748333333334
./mirror/2_replace.jpg,"1100 El Camino Real, San Bruno, CA 94066, USA",37.60768888888889,-122.39748333333334
./mirror/20_add.jpg,"217 S 13th St, San Jose, CA 95112, USA",37.33846666666667,-121.87544999999999
./mirror/20_remove.jpg,"217 S 13th St, San Jose, CA 95112, USA",37.33846666666667,-121.87544999999999
./mirror/20_replace.jpg,"217 S 13th St, San Jose, CA 95112, USA",37.33846666666667,-121.87544999999999
./mirror/21_add.jpg,"191 S 13th St, San Jose, CA 95112, USA",37.33896388888889,-121.87585555555555
./mirror/21_remove.jpg,"191 S 13th St, San Jose, CA 95112, USA",37.33896388888889,-121.87585555555555
./mirror/21_replace.jpg,"191 S 13th St, San Jose, CA 95112, USA",37.33896388888889,-121.87585555555555
./mirror/22_add.jpg,"181 S 13th St, San Jose, CA 95112, USA",37.33915277777778,-121.87601388888888
./mirror/22_remove.jpg,"181 S 13th St, San Jose, CA 95112, USA",37.33915277777778,-121.87601388888888
./mirror/22_replace.jpg,"181 S 13th St, San Jose, CA 95112, USA",37.33915277777778,-121.87601388888888
./mirror/23_add.jpg,"7558 24th St, Sacramento, CA 95822, USA",38.48359166666667,-121.48046944444445
./mirror/23_remove.jpg,"7558 24th St, Sacramento, CA 95822, USA",38.48359166666667,-121.48046944444445
./mirror/23_replace.jpg,"7558 24th St, Sacramento, CA 95822, USA",38.48359166666667,-121.48046944444445
./mirror/24_add.jpg,"1526 S 7th St, Alhambra, CA 91803, USA",34.07609166666667,-118.13049444444444
./mirror/24_remove.jpg,"1526 S 7th St, Alhambra, CA 91803, USA",34.07609166666667,-118.13049444444444
./mirror/24_replace.jpg,"1526 S 7th St, Alhambra, CA 91803, USA",34.07609166666667,-118.13049444444444
./mirror/25_add.jpg,"1525 S 7th St, Alhambra, CA 91803, USA",34.07607222222222,-118.13063888888888
./mirror/25_remove.jpg,"1525 S 7th St, Alhambra, CA 91803, USA",34.07607222222222,-118.13063888888888
./mirror/25_replace.jpg,"1525 S 7th St, Alhambra, CA 91803, USA",34.07607222222222,-118.13063888888888
./mirror/26_add.jpg,"705 W Norwood Pl, Alhambra, CA 91803, USA",34.07606944444445,-118.13107222222222
./mirror/26_remove.jpg,"705 W Norwood Pl, Alhambra, CA 91803, USA",34.07606944444445,-118.13107222222222
./mirror/26_replace.jpg,"705 W Norwood Pl, Alhambra, CA 91803, USA",34.07606944444445,-118.13107222222222
./mirror/27_add.jpg,"1477 Edgewood Dr, Alhambra, CA 91803, USA",34.07616388888889,-118.14864444444446
./mirror/27_remove.jpg,"1477 Edgewood Dr, Alhambra, CA 91803, USA",34.07616388888889,-118.14864444444446
./mirror/27_replace.jpg,"1477 Edgewood Dr, Alhambra, CA 91803, USA",34.07616388888889,-118.14864444444446
./mirror/28_add.jpg,"1511 Edgewood Dr, Alhambra, CA 91803, USA",34.07574166666667,-118.14877222222223
./mirror/28_remove.jpg,"1511 Edgewood Dr, Alhambra, CA 91803, USA",34.07574166666667,-118.14877222222223
./mirror/28_replace.jpg,"1511 Edgewood Dr, Alhambra, CA 91803, USA",34.07574166666667,-118.14877222222223
./mirror/29_add.jpg,"1846 N Rowan Ave, Los Angeles, CA 90032, USA",34.06423611111111,-118.18805833333333
./mirror/29_remove.jpg,"1846 N Rowan Ave, Los Angeles, CA 90032, USA",34.06423611111111,-118.18805833333333
./mirror/29_replace.jpg,"1846 N Rowan Ave, Los Angeles, CA 90032, USA",34.06423611111111,-118.18805833333333
./mirror/3_add.jpg,"1100 CA-82, Millbrae, CA 94030, USA",37.60715833333334,-122.39784166666668
./mirror/3_remove.jpg,"1100 CA-82, Millbrae, CA 94030, USA",37.60715833333334,-122.39784166666668
./mirror/3_replace.jpg,"1100 CA-82, Millbrae, CA 94030, USA",37.60715833333334,-122.39784166666668
./mirror/30_add.jpg,"2318 N Thomas St, Los Angeles, CA 90031, USA",34.07268055555556,-118.20517777777778
./mirror/30_remove.jpg,"2318 N Thomas St, Los Angeles, CA 90031, USA",34.07268055555556,-118.20517777777778
./mirror/30_replace.jpg,"2318 N Thomas St, Los Angeles, CA 90031, USA",34.07268055555556,-118.20517777777778
./mirror/31_add.jpg,"2318 N Thomas St, Los Angeles, CA 90031, USA",34.07265833333334,-118.2053138888889
./mirror/31_remove.jpg,"2318 N Thomas St, Los Angeles, CA 90031, USA",34.07265833333334,-118.2053138888889
./mirror/31_replace.jpg,"2318 N Thomas St, Los Angeles, CA 90031, USA",34.07265833333334,-118.2053138888889
./mirror/32_add.jpg,"10160 Santa Monica Blvd, Los Angeles, CA 90067, USA",34.060975,-118.41855555555556
./mirror/32_remove.jpg,"10160 Santa Monica Blvd, Los Angeles, CA 90067, USA",34.060975,-118.41855555555556
./mirror/32_replace.jpg,"10160 Santa Monica Blvd, Los Angeles, CA 90067, USA",34.060975,-118.41855555555556
./mirror/33_add.jpg,"520 Dahlia Ave, Corona Del Mar, CA 92625, USA",33.60181388888889,-117.87432222222222
./mirror/33_remove.jpg,"520 Dahlia Ave, Corona Del Mar, CA 92625, USA",33.60181388888889,-117.87432222222222
./mirror/33_replace.jpg,"520 Dahlia Ave, Corona Del Mar, CA 92625, USA",33.60181388888889,-117.87432222222222
./mirror/34_add.jpg,"516 Dahlia Ave, Corona Del Mar, CA 92625, USA",33.60155833333334,-117.87448055555555
./mirror/34_remove.jpg,"516 Dahlia Ave, Corona Del Mar, CA 92625, USA",33.60155833333334,-117.87448055555555
./mirror/34_replace.jpg,"516 Dahlia Ave, Corona Del Mar, CA 92625, USA",33.60155833333334,-117.87448055555555
./mirror/35_add.jpg,"520 Dahlia Ave, Corona Del Mar, CA 92625, USA",33.60179166666667,-117.87431388888888
./mirror/35_remove.jpg,"520 Dahlia Ave, Corona Del Mar, CA 92625, USA",33.60179166666667,-117.87431388888888
./mirror/35_replace.jpg,"520 Dahlia Ave, Corona Del Mar, CA 92625, USA",33.60179166666667,-117.87431388888888
./mirror/36_add.jpg,"520 Dahlia Ave, Corona Del Mar, CA 92625, USA",33.60179166666667,-117.87431388888888
./mirror/36_remove.jpg,"520 Dahlia Ave, Corona Del Mar, CA 92625, USA",33.60179166666667,-117.87431388888888
./mirror/36_replace.jpg,"520 Dahlia Ave, Corona Del Mar, CA 92625, USA",33.60179166666667,-117.87431388888888
./mirror/37_add.jpg,"520 Dahlia Ave, Corona Del Mar, CA 92625, USA",33.60179166666667,-117.87431388888888
./mirror/37_remove.jpg,"520 Dahlia Ave, Corona Del Mar, CA 92625, USA",33.60179166666667,-117.87431388888888
./mirror/37_replace.jpg,"520 Dahlia Ave, Corona Del Mar, CA 92625, USA",33.60179166666667,-117.87431388888888
./mirror/38_add.jpg,"305 Broadway St, Laguna Beach, CA 92651, USA",33.5449,-117.78328611111111
./mirror/38_remove.jpg,"305 Broadway St, Laguna Beach, CA 92651, USA",33.5449,-117.78328611111111
./mirror/38_replace.jpg,"305 Broadway St, Laguna Beach, CA 92651, USA",33.5449,-117.78328611111111
./mirror/39_add.jpg,"215 Cliff Dr, Laguna Beach, CA 92651, USA",33.54450277777777,-117.78488888888889
./mirror/39_remove.jpg,"215 Cliff Dr, Laguna Beach, CA 92651, USA",33.54450277777777,-117.78488888888889
./mirror/39_replace.jpg,"215 Cliff Dr, Laguna Beach, CA 92651, USA",33.54450277777777,-117.78488888888889
./mirror/4_add.jpg,"2300 Middlefield Rd, Redwood City, CA 94063, USA",37.47891944444444,-122.21719444444444
./mirror/4_remove.jpg,"2300 Middlefield Rd, Redwood City, CA 94063, USA",37.47891944444444,-122.21719444444444
./mirror/4_replace.jpg,"2300 Middlefield Rd, Redwood City, CA 94063, USA",37.47891944444444,-122.21719444444444
./mirror/40_add.jpg,"204 Cliff Dr, Laguna Beach, CA 92651, USA",33.544577777777775,-117.78511944444445
./mirror/40_remove.jpg,"204 Cliff Dr, Laguna Beach, CA 92651, USA",33.544577777777775,-117.78511944444445
./mirror/40_replace.jpg,"204 Cliff Dr, Laguna Beach, CA 92651, USA",33.544577777777775,-117.78511944444445
./mirror/41_add.jpg,"1380 Hillcrest Dr, Laguna Beach, CA 92651, USA",33.549994444444444,-117.79940833333333
./mirror/41_remove.jpg,"1380 Hillcrest Dr, Laguna Beach, CA 92651, USA",33.549994444444444,-117.79940833333333
./mirror/41_replace.jpg,"1380 Hillcrest Dr, Laguna Beach, CA 92651, USA",33.549994444444444,-117.79940833333333
./mirror/42_add.jpg,"1299 Hillcrest Dr, Laguna Beach, CA 92651, USA",33.54998333333333,-117.79936944444444
./mirror/42_remove.jpg,"1299 Hillcrest Dr, Laguna Beach, CA 92651, USA",33.54998333333333,-117.79936944444444
./mirror/42_replace.jpg,"1299 Hillcrest Dr, Laguna Beach, CA 92651, USA",33.54998333333333,-117.79936944444444
./mirror/43_add.jpg,"1299 Hillcrest Dr, Laguna Beach, CA 92651, USA",33.54997222222222,-117.79936944444444
./mirror/43_remove.jpg,"1299 Hillcrest Dr, Laguna Beach, CA 92651, USA",33.54997222222222,-117.79936944444444
./mirror/43_replace.jpg,"1299 Hillcrest Dr, Laguna Beach, CA 92651, USA",33.54997222222222,-117.79936944444444
./mirror/44_add.jpg,"1299 Hillcrest Dr, Laguna Beach, CA 92651, USA",33.54997222222222,-117.79936944444444
./mirror/44_remove.jpg,"1299 Hillcrest Dr, Laguna Beach, CA 92651, USA",33.54997222222222,-117.79936944444444
./mirror/44_replace.jpg,"1299 Hillcrest Dr, Laguna Beach, CA 92651, USA",33.54997222222222,-117.79936944444444
./mirror/493_add.jpg,"1295 Middlefield Rd, Palo Alto, CA 94301, USA",37.44483888888889,-122.14653055555556
./mirror/493_remove.jpg,"1295 Middlefield Rd, Palo Alto, CA 94301, USA",37.44483888888889,-122.14653055555556
./mirror/493_replace.jpg,"1295 Middlefield Rd, Palo Alto, CA 94301, USA",37.44483888888889,-122.14653055555556
./mirror/5_add.jpg,"1121 Industrial Rd Suite 500, San Carlos, CA 94070, USA",37.503166666666665,-122.246575
./mirror/5_remove.jpg,"1121 Industrial Rd Suite 500, San Carlos, CA 94070, USA",37.503166666666665,-122.246575
./mirror/5_replace.jpg,"1121 Industrial Rd Suite 500, San Carlos, CA 94070, USA",37.503166666666665,-122.246575
./mirror/500_add.jpg,"5th St & Grand Ave, Los Angeles, CA 90013, USA",34.049749999999996,-118.25343333333333
./mirror/500_remove.jpg,"5th St & Grand Ave, Los Angeles, CA 90013, USA",34.049749999999996,-118.25343333333333
./mirror/500_replace.jpg,"5th St & Grand Ave, Los Angeles, CA 90013, USA",34.049749999999996,-118.25343333333333
./mirror/6_add.jpg,"1137 Industrial Rd, San Carlos, CA 94070, USA",37.50270555555556,-122.24492777777778
./mirror/6_remove.jpg,"1137 Industrial Rd, San Carlos, CA 94070, USA",37.50270555555556,-122.24492777777778
./mirror/6_replace.jpg,"1137 Industrial Rd, San Carlos, CA 94070, USA",37.50270555555556,-122.24492777777778
./mirror/7_add.jpg,"1137 Industrial Rd, San Carlos, CA 94070, USA",37.50273055555556,-122.24491944444445
./mirror/7_remove.jpg,"1137 Industrial Rd, San Carlos, CA 94070, USA",37.50273055555556,-122.24491944444445
./mirror/7_replace.jpg,"1137 Industrial Rd, San Carlos, CA 94070, USA",37.50273055555556,-122.24491944444445
./mirror/8_add.jpg,"750 Melville Ave, Palo Alto, CA 94301, USA",37.44546944444444,-122.14630833333334
./mirror/8_remove.jpg,"750 Melville Ave, Palo Alto, CA 94301, USA",37.44546944444444,-122.14630833333334
./mirror/8_replace.jpg,"750 Melville Ave, Palo Alto, CA 94301, USA",37.44546944444444,-122.14630833333334
./mirror/9_add.jpg,"769 Melville Ave, Palo Alto, CA 94301, USA",37.445586111111105,-122.14639166666667
./mirror/9_remove.jpg,"769 Melville Ave, Palo Alto, CA 94301, USA",37.445586111111105,-122.14639166666667
./mirror/9_replace.jpg,"769 Melville Ave, Palo Alto, CA 94301, USA",37.445586111111105,-122.14639166666667
